ID_MEDICO,ID_ESPECIALIDAD,NOMBRE,ID_TIPO_DOCUMENTO,ID_SEXO_BIOLOGICO,TELEFONO,CORREO
927349948061,1,Juan Pérez,1,2,3101234567,juan.perez@example.com
926793405840,1,María Gómez,1,1,3152345678,maria.gomez@example.com
477354369365,1,Carlos López,1,2,3203456789,carlos.lopez@example.com
137861717001,1,Ana Rodríguez,1,1,3004567890,ana.rodriguez@example.com
732620348037,1,Luis Martínez,1,2,3115678901,luis.martinez@example.com
252648522228,1,Sofía Hernández,1,1,3166789012,sofia.hernandez@example.com
852504625801,1,Jorge Díaz,1,2,3217890123,jorge.diaz@example.com
815292677083,1,Patricia Sánchez,1,1,3018901234,patricia.sanchez@example.com
298243006618,1,Fernando Ramírez,1,2,3129012345,fernando.ramirez@example.com
679210572878,1,Lucía Torres,1,1,3170123456,lucia.torres@example.com
768682822881,2,Alejandro Jiménez,1,2,3221234567,alejandro.jimenez@example.com
238270409728,2,Gabriela Castro,1,1,3002345678,gabriela.castro@example.com
193749240930,2,Ricardo Ortega,1,2,3113456789,ricardo.ortega@example.com
501788553110,2,Verónica Mendoza,1,1,3164567890,veronica.mendoza@example.com
829730770330,2,Oscar Navarro,1,2,3215678901,oscar.navarro@example.com
389027697252,2,Isabel Ríos,1,1,3016789012,isabel.rios@example.com
986721082938,2,Mauricio Vega,1,2,3127890123,mauricio.vega@example.com
221936295607,2,Adriana Guzmán,1,1,3178901234,adriana.guzman@example.com
325515817003,2,Felipe Cortés,1,2,3229012345,felipe.cortes@example.com
482099075377,2,Daniela Paredes,1,1,3000123456,daniela.paredes@example.com
837390628668,3,Roberto Salazar,1,2,3111234567,roberto.salazar@example.com
88935289811,3,Camila Rojas,1,1,3162345678,camila.rojas@example.com
16326623208,3,Andrés Morales,1,2,3213456789,andres.morales@example.com
542454880892,3,Valentina Silva,1,1,3014567890,valentina.silva@example.com
810462899420,3,Héctor Delgado,1,2,3125678901,hector.delgado@example.com
863990810577,3,Natalia Herrera,1,1,3176789012,natalia.herrera@example.com
258608606837,3,Gustavo Peña,1,2,3227890123,gustavo.pena@example.com
324454451199,3,Carolina Flores,1,1,3008901234,carolina.flores@example.com
821878622330,3,Raúl Cárdenas,1,2,3119012345,raul.cardenas@example.com
64338491713,3,Marcela Vargas,1,1,3160123456,marcela.vargas@example.com
968177691519,4,Santiago Molina,1,2,3211234567,santiago.molina@example.com
157312789138,4,Paola Aguirre,1,1,3012345678,paola.aguirre@example.com
898333876888,4,Diego Rangel,1,2,3123456789,diego.rangel@example.com
638090201242,4,Laura Fuentes,1,1,3174567890,laura.fuentes@example.com
660537788823,4,Javier Valencia,1,2,3225678901,javier.valencia@example.com
568274741572,4,Ximena Campos,1,1,3006789012,ximena.campos@example.com
861870997936,4,Alberto Núñez,1,2,3117890123,alberto.nunez@example.com
396199667972,4,Beatriz León,1,1,3168901234,beatriz.leon@example.com
700974446280,4,Arturo Miranda,1,2,3219012345,arturo.miranda@example.com
691781199952,4,Claudia Reyes,1,1,3010123456,claudia.reyes@example.com
940046405295,5,Eduardo Soto,1,2,3121234567,eduardo.soto@example.com
880720067192,5,Diana Méndez,1,1,3172345678,diana.mendez@example.com
258286845093,5,Roberto Guzmán,1,2,3223456789,roberto.guzman@example.com
579644938826,5,Camila Rojas,1,1,3004567890,camila.rojas2@example.com
880600238701,5,Andrés Castro,1,2,3115678901,andres.castro@example.com
506705720777,5,Valeria Silva,1,1,3166789012,valeria.silva@example.com
788541446567,5,Hugo Delgado,1,2,3217890123,hugo.delgado@example.com
197628025973,5,Nicolás Herrera,1,1,3018901234,nicolas.herrera@example.com
850908344155,5,Gabriela Peña,1,2,3129012345,gabriela.pena@example.com
555987780988,5,Carolina Flores,1,1,3170123456,carolina.flores2@example.com
307148490676,6,Raúl Martínez,1,2,3221234567,raul.martinez@example.com
571912462021,6,Marcela Sánchez,1,1,3002345678,marcela.sanchez@example.com
280702899369,6,Santiago Ramírez,1,2,3113456789,santiago.ramirez@example.com
504129329489,6,Paola Torres,1,1,3164567890,paola.torres@example.com
366461005750,6,Diego Jiménez,1,2,3215678901,diego.jimenez@example.com
723428882973,6,Laura Gómez,1,1,3016789012,laura.gomez@example.com
879367281489,6,Javier López,1,2,3127890123,javier.lopez@example.com
325561124690,6,Ximena Rodríguez,1,1,3178901234,ximena.rodriguez@example.com
699051606264,6,Alberto Hernández,1,2,3229012345,alberto.hernandez@example.com
370562207149,6,Beatriz Díaz,1,1,3000123456,beatriz.diaz@example.com
912558101430,6,Arturo Pérez,1,2,3111234567,arturo.perez@example.com
444556755029,7,Claudia García,1,1,3162345678,claudia.garcia@example.com
284395753628,7,Eduardo Martínez,1,2,3213456789,eduardo.martinez@example.com
521806793784,7,Diana Rodríguez,1,1,3014567890,diana.rodriguez@example.com
484403790035,7,Roberto López,1,2,3125678901,roberto.lopez@example.com
53784082194,7,Camila González,1,1,3176789012,camila.gonzalez@example.com
160306764122,7,Andrés Hernández,1,2,3227890123,andres.hernandez@example.com
587768490887,7,Valeria Sánchez,1,1,3008901234,valeria.sanchez@example.com
442326919130,7,Hugo Ramírez,1,2,3119012345,hugo.ramirez@example.com
478601632654,7,Nicolás Torres,1,1,3160123456,nicolas.torres@example.com
844109067265,7,Gabriela Jiménez,1,2,3211234567,gabriela.jimenez@example.com
338012247914,8,Carolina Gómez,1,1,3012345678,carolina.gomez@example.com
835090171587,8,Raúl Castro,1,2,3123456789,raul.castro@example.com
751977187593,8,Marcela Rojas,1,1,3174567890,marcela.rojas@example.com
655928629405,8,Santiago Morales,1,2,3225678901,santiago.morales@example.com
61073793981,8,Paola Silva,1,1,3006789012,paola.silva@example.com
806935203599,8,Diego Delgado,1,2,3117890123,diego.delgado@example.com
630933856329,8,Laura Herrera,1,1,3168901234,laura.herrera@example.com
246391157653,8,Javier Peña,1,2,3219012345,javier.pena@example.com
883981641353,8,Ximena Flores,1,1,3010123456,ximena.flores@example.com
692047045137,8,Alberto Cárdenas,1,2,3121234567,alberto.cardenas@example.com
586603239353,8,Beatriz Vargas,1,1,3172345678,beatriz.vargas@example.com
117131588369,9,Arturo Molina,1,2,3223456789,arturo.molina@example.com
21040300416,9,Claudia Aguirre,1,1,3004567890,claudia.aguirre@example.com
622301324334,9,Eduardo Rangel,1,2,3115678901,eduardo.rangel@example.com
23481537566,9,Diana Fuentes,1,1,3166789012,diana.fuentes@example.com
93516116829,9,Roberto Valencia,1,2,3217890123,roberto.valencia@example.com
723993528367,9,Camila Campos,1,1,3018901234,camila.campos@example.com
420995258010,9,Andrés Núñez,1,2,3129012345,andres.nunez@example.com
289368130598,9,Valeria León,1,1,3170123456,valeria.leon@example.com
285676786805,9,Hugo Miranda,1,2,3221234567,hugo.miranda@example.com
204818102298,9,Nicolás Reyes,1,1,3002345678,nicolas.reyes@example.com
77454982272,10,Gabriela Soto,1,2,3113456789,gabriela.soto@example.com
237392892454,10,Carolina Méndez,1,1,3164567890,carolina.mendez@example.com
716958769274,10,Raúl Guzmán,1,2,3215678901,raul.guzman@example.com
809133786012,10,Marcela Rojas,1,1,3016789012,marcela.rojas2@example.com
524823711946,10,Santiago Castro,1,2,3127890123,santiago.castro@example.com
230447402013,10,Paola Silva,1,1,3178901234,paola.silva2@example.com
34916984937,10,Diego Delgado,1,2,3229012345,diego.delgado2@example.com
894864270791,10,Laura Herrera,1,1,3000123456,laura.herrera2@example.com
206804493061,10,Javier Peña,1,2,3111234567,javier.pena2@example.com
411906924267,10,Ximena Flores,1,1,3162345678,ximena.flores2@example.com
115535941358,11,Alberto Cárdenas,1,2,3213456789,alberto.cardenas2@example.com
287593561331,11,Beatriz Vargas,1,1,3014567890,beatriz.vargas2@example.com
261486183220,11,Arturo Molina,1,2,3125678901,arturo.molina2@example.com
430083894970,11,Claudia Aguirre,1,1,3176789012,claudia.aguirre2@example.com
800501198601,11,Eduardo Rangel,1,2,3227890123,eduardo.rangel2@example.com
421028951403,11,Diana Fuentes,1,1,3008901234,diana.fuentes2@example.com
148223006708,11,Roberto Valencia,1,2,3119012345,roberto.valencia2@example.com
165229976052,11,Camila Campos,1,1,3160123456,camila.campos2@example.com
817819293971,11,Andrés Núñez,1,2,3211234567,andres.nunez2@example.com
751681874512,11,Valeria León,1,1,3012345678,valeria.leon2@example.com
946973699511,12,Hugo Miranda,1,2,3123456789,hugo.miranda2@example.com
222223604967,12,Nicolás Reyes,1,1,3174567890,nicolas.reyes2@example.com
241596232678,12,Gabriela Soto,1,2,3225678901,gabriela.soto2@example.com
487345421906,12,Carolina Méndez,1,1,3006789012,carolina.mendez2@example.com
942803255185,12,Raúl Guzmán,1,2,3117890123,raul.guzman2@example.com
125829382556,12,Marcela Rojas,1,1,3168901234,marcela.rojas3@example.com
354523588802,12,Santiago Castro,1,2,3219012345,santiago.castro2@example.com
20543122114,12,Paola Silva,1,1,3010123456,paola.silva3@example.com
14345580755,12,Diego Delgado,1,2,3121234567,diego.delgado3@example.com
310407404208,12,Laura Herrera,1,1,3172345678,laura.herrera3@example.com
180729155857,13,Javier Peña,1,2,3223456789,javier.pena3@example.com
964648921933,13,Ximena Flores,1,1,3004567890,ximena.flores3@example.com
902444687134,13,Alberto Cárdenas,1,2,3115678901,alberto.cardenas3@example.com
697267877622,13,Beatriz Vargas,1,1,3166789012,beatriz.vargas3@example.com
490580613280,13,Arturo Molina,1,2,3217890123,arturo.molina3@example.com
536237587591,13,Claudia Aguirre,1,1,3018901234,claudia.aguirre3@example.com
891644137410,13,Eduardo Rangel,1,2,3129012345,eduardo.rangel3@example.com
507029272588,13,Diana Fuentes,1,1,3170123456,diana.fuentes3@example.com
687567103525,13,Roberto Valencia,1,2,3221234567,roberto.valencia3@example.com
344634367337,13,Camila Campos,1,1,3002345678,camila.campos3@example.com
163504089115,14,Andrés Núñez,1,2,3113456789,andres.nunez3@example.com
519841335069,14,Valeria León,1,1,3164567890,valeria.leon3@example.com
187616878409,14,Hugo Miranda,1,2,3215678901,hugo.miranda3@example.com
804274074064,14,Nicolás Reyes,1,1,3016789012,nicolas.reyes3@example.com
281282609342,14,Gabriela Soto,1,2,3127890123,gabriela.soto3@example.com
626029345891,14,Carolina Méndez,1,1,3178901234,carolina.mendez3@example.com
569354849846,14,Raúl Guzmán,1,2,3229012345,raul.guzman3@example.com
228456169632,14,Marcela Rojas,1,1,3000123456,marcela.rojas4@example.com
554722571904,14,Santiago Castro,1,2,3111234567,santiago.castro3@example.com
395810471709,14,Paola Silva,1,1,3162345678,paola.silva4@example.com
365914730035,15,Diego Delgado,1,2,3213456789,diego.delgado4@example.com
466257925838,15,Laura Herrera,1,1,3014567890,laura.herrera4@example.com
837726318183,15,Javier Peña,1,2,3125678901,javier.pena4@example.com
855267752403,15,Ximena Flores,1,1,3176789012,ximena.flores4@example.com
80510888020,15,Alberto Cárdenas,1,2,3227890123,alberto.cardenas4@example.com
988995670152,15,Beatriz Vargas,1,1,3008901234,beatriz.vargas4@example.com
685693917658,15,Arturo Molina,1,2,3119012345,arturo.molina4@example.com
225152056594,15,Claudia Aguirre,1,1,3160123456,claudia.aguirre4@example.com
312378590696,15,Eduardo Rangel,1,2,3211234567,eduardo.rangel4@example.com
940318785995,16,Diana Fuentes,1,1,3012345678,diana.fuentes4@example.com
726747932003,16,Roberto Valencia,1,2,3123456789,roberto.valencia4@example.com
600493483468,16,Camila Campos,1,1,3174567890,camila.campos4@example.com
306261019832,16,Andrés Núñez,1,2,3225678901,andres.nunez4@example.com
443422248094,16,Valeria León,1,1,3006789012,valeria.leon4@example.com
614096677104,16,Hugo Miranda,1,2,3117890123,hugo.miranda4@example.com
51155101355,16,Nicolás Reyes,1,1,3168901234,nicolas.reyes4@example.com
237201030394,16,Gabriela Soto,1,2,3219012345,gabriela.soto4@example.com
920648542431,17,Carolina Méndez,1,1,3010123456,carolina.mendez4@example.com
936537504419,17,Raúl Guzmán,1,2,3121234567,raul.guzman4@example.com
836699533640,17,Marcela Rojas,1,1,3172345678,marcela.rojas5@example.com
526964643115,17,Santiago Castro,1,2,3223456789,santiago.castro4@example.com
990793918131,17,Paola Silva,1,1,3004567890,paola.silva5@example.com
907669987358,17,Diego Delgado,1,2,3115678901,diego.delgado5@example.com
495247993294,17,Laura Herrera,1,1,3166789012,laura.herrera5@example.com
598553374391,17,Javier Peña,1,2,3217890123,javier.pena5@example.com
518066268442,17,Ximena Flores,1,1,3018901234,ximena.flores5@example.com
701501928283,18,Alberto Cárdenas,1,2,3129012345,alberto.cardenas5@example.com
304373531617,18,Beatriz Vargas,1,1,3170123456,beatriz.vargas5@example.com
797531788692,18,Arturo Molina,1,2,3221234567,arturo.molina5@example.com
76585792340,18,Claudia Aguirre,1,1,3002345678,claudia.aguirre5@example.com
399067472302,18,Eduardo Rangel,1,2,3113456789,eduardo.rangel5@example.com
443938749834,18,Diana Fuentes,1,1,3164567890,diana.fuentes5@example.com
85352187206,18,Roberto Valencia,1,2,3215678901,roberto.valencia5@example.com
573105124566,18,Camila Campos,1,1,3016789012,camila.campos5@example.com
50763727139,19,Andrés Núñez,1,2,3127890123,andres.nunez5@example.com
589067090084,19,Valeria León,1,1,3178901234,valeria.leon5@example.com
754307368041,19,Hugo Miranda,1,2,3229012345,hugo.miranda5@example.com
641352937191,19,Nicolás Reyes,1,1,3000123456,nicolas.reyes5@example.com
158720604406,19,Gabriela Soto,1,2,3111234567,gabriela.soto5@example.com
999158139477,19,Carolina Méndez,1,1,3162345678,carolina.mendez5@example.com
120160863571,20,Raúl Guzmán,1,2,3213456789,raul.guzman5@example.com
639785078272,20,Marcela Rojas,1,1,3014567890,marcela.rojas6@example.com
302514955175,20,Santiago Castro,1,2,3125678901,santiago.castro5@example.com
573086436635,20,Paola Silva,1,1,3176789012,paola.silva6@example.com
120026627399,20,Diego Delgado,1,2,3227890123,diego.delgado6@example.com
721097061405,20,Laura Herrera,1,1,3008901234,laura.herrera6@example.com
974324342744,20,Javier Peña,1,2,3119012345,javier.pena6@example.com
683191323409,20,Ximena Flores,1,1,3160123456,ximena.flores6@example.com
660495221200,21,Alberto Cárdenas,1,2,3211234567,alberto.cardenas6@example.com
823745509103,21,Beatriz Vargas,1,1,3012345678,beatriz.vargas6@example.com
911586013863,21,Arturo Molina,1,2,3123456789,arturo.molina6@example.com
235690175309,21,Claudia Aguirre,1,1,3174567890,claudia.aguirre6@example.com
73953506122,21,Eduardo Rangel,1,2,3225678901,eduardo.rangel6@example.com
66978509895,21,Diana Fuentes,1,1,3006789012,diana.fuentes6@example.com
101939079613,21,Roberto Valencia,1,2,3117890123,roberto.valencia6@example.com
572259905581,21,Camila Campos,1,1,3168901234,camila.campos6@example.com
760506890344,22,Andrés Núñez,1,2,3219012345,andres.nunez6@example.com
324835155746,22,Valeria León,1,1,3010123456,valeria.leon6@example.com
676436010360,22,Hugo Miranda,1,2,3121234567,hugo.miranda6@example.com
952472454268,22,Nicolás Reyes,1,1,3172345678,nicolas.reyes6@example.com
242038951436,22,Gabriela Soto,1,2,3223456789,gabriela.soto6@example.com
652752772790,22,Carolina Méndez,1,1,3004567890,carolina.mendez6@example.com
50465980664,23,Raúl Guzmán,1,2,3115678901,raul.guzman6@example.com
80128865865,23,Marcela Rojas,1,1,3166789012,marcela.rojas7@example.com
231009032137,23,Santiago Castro,1,2,3217890123,santiago.castro6@example.com
90045220204,23,Paola Silva,1,1,3018901234,paola.silva7@example.com
607089884363,23,Diego Delgado,1,2,3129012345,diego.delgado7@example.com
764079734748,23,Laura Herrera,1,1,3170123456,laura.herrera7@example.com
203599886869,23,Javier Peña,1,2,3221234567,javier.pena7@example.com
99830897672,23,Ximena Flores,1,1,3002345678,ximena.flores7@example.com
158003432962,24,Alberto Cárdenas,1,2,3113456789,alberto.cardenas7@example.com
152834317275,24,Beatriz Vargas,1,1,3164567890,beatriz.vargas7@example.com
862671693823,24,Arturo Molina,1,2,3215678901,arturo.molina7@example.com
861943996337,24,Claudia Aguirre,1,1,3016789012,claudia.aguirre7@example.com
972074295829,24,Eduardo Rangel,1,2,3127890123,eduardo.rangel7@example.com
647100323006,24,Diana Fuentes,1,1,3178901234,diana.fuentes7@example.com
745505646351,24,Roberto Valencia,1,2,3229012345,roberto.valencia7@example.com
36464723276,24,Camila Campos,1,1,3000123456,camila.campos7@example.com
248233833285,25,Andrés Núñez,1,2,3111234567,andres.nunez7@example.com
740825720688,25,Valeria León,1,1,3162345678,valeria.leon7@example.com
885167901943,25,Hugo Miranda,1,2,3213456789,hugo.miranda7@example.com
896132806895,25,Nicolás Reyes,1,1,3014567890,nicolas.reyes7@example.com
220316369290,25,Gabriela Soto,1,2,3125678901,gabriela.soto7@example.com
698806260859,25,Carolina Méndez,1,1,3176789012,carolina.mendez7@example.com
282408604929,26,Raúl Guzmán,1,2,3227890123,raul.guzman7@example.com
741991905620,26,Marcela Rojas,1,1,3008901234,marcela.rojas8@example.com
489189585952,26,Santiago Castro,1,2,3119012345,santiago.castro7@example.com
622076281600,26,Paola Silva,1,1,3160123456,paola.silva8@example.com
579587088850,26,Diego Delgado,1,2,3211234567,diego.delgado8@example.com
562670754192,26,Laura Herrera,1,1,3012345678,laura.herrera8@example.com
319502361073,26,Javier Peña,1,2,3123456789,javier.pena8@example.com
322817487534,26,Ximena Flores,1,1,3174567890,ximena.flores8@example.com
809553517536,27,Alberto Cárdenas,1,2,3225678901,alberto.cardenas8@example.com
124379086843,27,Beatriz Vargas,1,1,3006789012,beatriz.vargas8@example.com
705047571146,27,Arturo Molina,1,2,3117890123,arturo.molina8@example.com
433291724277,27,Claudia Aguirre,1,1,3168901234,claudia.aguirre8@example.com
428703226839,27,Eduardo Rangel,1,2,3219012345,eduardo.rangel8@example.com
962365602334,27,Diana Fuentes,1,1,3010123456,diana.fuentes8@example.com
215199503026,27,Roberto Valencia,1,2,3121234567,roberto.valencia8@example.com
419351695365,27,Camila Campos,1,1,3172345678,camila.campos8@example.com
589827031692,28,Andrés Núñez,1,2,3223456789,andres.nunez8@example.com
578308718502,28,Valeria León,1,1,3004567890,valeria.leon8@example.com
988226145858,28,Hugo Miranda,1,2,3115678901,hugo.miranda8@example.com
571136033694,28,Nicolás Reyes,1,1,3166789012,nicolas.reyes8@example.com
444352492526,28,Gabriela Soto,1,2,3217890123,gabriela.soto8@example.com
427411046344,28,Carolina Méndez,1,1,3018901234,carolina.mendez8@example.com
579615560221,29,Raúl Guzmán,1,2,3129012345,raul.guzman8@example.com
871743167612,29,Marcela Rojas,1,1,3170123456,marcela.rojas9@example.com
956745142098,29,Santiago Castro,1,2,3221234567,santiago.castro8@example.com
887689847160,29,Paola Silva,1,1,3002345678,paola.silva9@example.com
524525727518,29,Diego Delgado,1,2,3113456789,diego.delgado9@example.com
295200714840,29,Laura Herrera,1,1,3164567890,laura.herrera9@example.com
329960527029,29,Javier Peña,1,2,3215678901,javier.pena9@example.com
491649742804,29,Ximena Flores,1,1,3016789012,ximena.flores9@example.com
551241551844,30,Alberto Cárdenas,1,2,3127890123,alberto.cardenas9@example.com
198665962500,30,Beatriz Vargas,1,1,3178901234,beatriz.vargas9@example.com
68626138968,30,Arturo Molina,1,2,3229012345,arturo.molina9@example.com
741746934441,30,Claudia Aguirre,1,1,3000123456,claudia.aguirre9@example.com
179708279856,30,Eduardo Rangel,1,2,3111234567,eduardo.rangel9@example.com
472934334455,30,Diana Fuentes,1,1,3162345678,diana.fuentes9@example.com
941926846644,30,Roberto Valencia,1,2,3213456789,roberto.valencia9@example.com
21218462972,30,Camila Campos,1,1,3014567890,camila.campos9@example.com
695180187115,31,Andrés Núñez,1,2,3125678901,andres.nunez9@example.com
436292604387,31,Valeria León,1,1,3176789012,valeria.leon9@example.com
146590674945,31,Hugo Miranda,1,2,3227890123,hugo.miranda9@example.com
797836627282,31,Nicolás Reyes,1,1,3008901234,nicolas.reyes9@example.com
325502142519,31,Gabriela Soto,1,2,3119012345,gabriela.soto9@example.com
846212554562,31,Carolina Méndez,1,1,3160123456,carolina.mendez9@example.com
982842150937,32,Alonso Rivas,3,2,3187654321,alonso.rivas@clinicamail.com
789861149138,32,Bianca Espinosa,1,1,3049876543,bianca.espinosa@clinicamail.com
533557858881,32,César Montenegro,4,2,3132468109,cesar.montenegro@clinicamail.com
847850729895,32,Dora Quintana,1,1,3171357924,dora.quintana@clinicamail.com
785699591980,32,Esteban Pacheco,2,2,3256789012,esteban.pacheco@clinicamail.com
73291512712,32,Flora Urbina,1,1,3024681357,flora.urbina@clinicamail.com
656275642557,32,Gerardo Zúñiga,1,2,3197530864,gerardo.zuniga@clinicamail.com
918748781275,32,Helena Yanes,3,1,3146820975,helena.yanes@clinicamail.com
795425546230,32,Ignacio Xavier,4,2,3209753186,ignacio.xavier@clinicamail.com
99137201059,32,Julieta Villalba,1,1,3086421973,julieta.villalba@clinicamail.com
129593476750,33,Kenia Tapia,2,1,3234567890,kenia.tapia@clinicamail.com
6091739721,33,Leonardo Soria,1,2,3109876543,leonardo.soria@clinicamail.com
618686489918,33,Mireya Roldán,3,1,3154321098,mireya.roldan@clinicamail.com
735861421642,33,Néstor Quinteros,1,2,3018765432,nestor.quinteros@clinicamail.com
402065310906,33,Olga Ponce,1,1,3167890123,olga.ponce@clinicamail.com
196700485380,33,Pablo Oñate,4,2,3221098765,pablo.onate@clinicamail.com
19141125045,33,Queila Narváez,1,1,3076543210,queila.narvaez@clinicamail.com
993537182027,33,Rafael Mena,2,2,3245678901,rafael.mena@clinicamail.com
621692980170,33,Silvia Lozano,1,1,3098765432,silvia.lozano@clinicamail.com
96834321020,33,Tomás Kuri,3,2,3189012345,tomas.kuri@clinicamail.com
771105438300,34,Úrsula Jaramillo,1,1,3032109876,ursula.jaramillo@clinicamail.com
406278008243,34,Víctor Ibarra,4,2,3176543210,victor.ibarra@clinicamail.com
447233049622,34,Wendy Herrera,1,1,3256789012,wendy.herrera@clinicamail.com
522326729633,34,Xavier Gómez,2,2,3101234567,xavier.gomez@clinicamail.com
138510896767,34,Yolanda Fuentes,1,1,3152345678,yolanda.fuentes@clinicamail.com
144686511531,34,Zacarías Espinoza,3,2,3203456789,zacarias.espinoza@clinicamail.com
845887190123,34,Adelaida Duarte,1,1,3004567890,adelaida.duarte@clinicamail.com
212788019967,34,Benjamín Córdova,1,2,3115678901,benjamin.cordova@clinicamail.com
903787879223,34,Carmen Bravo,4,1,3166789012,carmen.bravo@clinicamail.com
209863321535,34,Damián Arce,2,2,3217890123,damian.arce@clinicamail.com
217190033980,35,Elena Zambrano,1,1,3018901234,elena.zambrano@clinicamail.com
861368122622,35,Fabián Yépez,3,2,3129012345,fabian.yepez@clinicamail.com
447252288594,35,Griselda Xicoténcatl,1,1,3170123456,griselda.xicotencatl@clinicamail.com
683779167294,35,Humberto Wong,4,2,3221234567,humberto.wong@clinicamail.com
719100508823,35,Irene Vásquez,1,1,3002345678,irene.vasquez@clinicamail.com
150308565666,35,Jacinto Urrutia,2,2,3113456789,jacinto.urrutia@clinicamail.com
161900721557,35,Karen Téllez,1,1,3164567890,karen.tellez@clinicamail.com
586094179323,35,Lorenzo Sosa,3,2,3215678901,lorenzo.sosa@clinicamail.com
970149901751,35,Marcela Ríos,1,1,3016789012,marcela.rios@clinicamail.com
44413208336,35,Norberto Quintana,4,2,3127890123,norberto.quintana@clinicamail.com
378767059106,36,Ofelia Pineda,1,1,3178901234,ofelia.pineda@clinicamail.com
563456790004,36,Pascual Orozco,2,2,3229012345,pascual.orozco@clinicamail.com
374934045771,36,Quetzalli Núñez,1,1,3000123456,quetzalli.nunez@clinicamail.com
758121148985,36,Rogelio Méndez,3,2,3111234567,rogelio.mendez@clinicamail.com
342560837871,36,Sara López,4,1,3162345678,sara.lopez@clinicamail.com
206702146216,36,Teódulo Kuri,1,2,3213456789,teodulo.kuri@clinicamail.com
824802326197,36,Úrsula Jiménez,2,1,3014567890,ursula.jimenez@clinicamail.com
728017256688,36,Vicente Herrera,3,2,3125678901,vicente.herrera@clinicamail.com
85632530663,36,Wanda Gómez,1,1,3176789012,wanda.gomez@clinicamail.com
563969280003,36,Xavier Fuentes,4,2,3227890123,xavier.fuentes@clinicamail.com
17572762304,37,Yadira Espinoza,1,1,3008901234,yadira.espinoza@clinicamail.com
557333818184,37,Zacarías Duarte,2,2,3119012345,zacarias.duarte@clinicamail.com
124885832019,37,Adriana Córdova,3,1,3160123456,adriana.cordova@clinicamail.com
171054136377,37,Baltazar Bravo,1,2,3211234567,baltazar.bravo@clinicamail.com
799533943447,37,Celeste Arce,4,1,3012345678,celeste.arce@clinicamail.com
37154434607,37,Dante Zambrano,2,2,3123456789,dante.zambrano@clinicamail.com
486092690995,37,Estela Yépez,1,1,3174567890,estela.yepez@clinicamail.com
332626607409,37,Fermín Xicoténcatl,3,2,3225678901,fermin.xicotencatl@clinicamail.com
427508270209,37,Guadalupe Wong,1,1,3006789012,guadalupe.wong@clinicamail.com
150313170312,37,Hilario Vásquez,4,2,3117890123,hilario.vasquez@clinicamail.com
828606243530,38,Iván Uribe,2,2,3187654391,ivan.uribe@clinicamail.com
672037669768,38,Jimena Tovar,1,1,3049876503,jimena.tovar@clinicamail.com
49538349666,38,Kevin Sarmiento,4,2,3132468100,kevin.sarmiento@clinicamail.com
541551142908,38,Lilian Roa,1,1,3171357920,lilian.roa@clinicamail.com
390752290407,38,Mauro Quijano,3,2,3256789002,mauro.quijano@clinicamail.com
553580975678,38,Nadia Pabón,1,1,3024681307,nadia.pabon@clinicamail.com
895867820150,38,Óscar Ocampo,1,2,3197530804,oscar.ocampo@clinicamail.com
481138547104,38,Paulina Narváez,2,1,3146820905,paulina.narvaez@clinicamail.com
611383918097,38,Rubén Múnera,4,2,3209753106,ruben.munera@clinicamail.com
85729580296,38,Tania Lemos,1,1,3086421903,tania.lemos@clinicamail.com
488744907278,39,Uriel Klinger,3,2,3234567800,uriel.klinger@clinicamail.com
176249976843,39,Valeria Jerez,1,1,3109876503,valeria.jerez@clinicamail.com
864853959664,39,Walter Iriarte,2,2,3154321008,walter.iriarte@clinicamail.com
483503856679,39,Ximena Hoyos,1,1,3018765402,ximena.hoyos@clinicamail.com
96116193666,39,Yahir Gutiérrez,4,2,3167890103,yahir.gutierrez@clinicamail.com
101888713280,39,Zoraida Fonseca,1,1,3221098705,zoraida.fonseca@clinicamail.com
471200412639,39,Armando Escobar,3,2,3076543200,armando.escobar@clinicamail.com
832192980261,39,Berta Duque,1,1,3245678900,berta.duque@clinicamail.com
26302859726,39,Cristóbal Correa,2,2,3098765402,cristobal.correa@clinicamail.com
489327904890,39,Débora Bustos,1,1,3189012305,debora.bustos@clinicamail.com
161884294503,40,Efraín Arango,4,2,3032109806,efrain.arango@clinicamail.com
501438158548,40,Flavia Zapata,1,1,3176543200,flavia.zapata@clinicamail.com
233118360429,40,Gonzalo Yunda,3,2,3256789001,gonzalo.yunda@clinicamail.com
424243371316,40,Hortensia Ximénez,1,1,3101234507,hortensia.ximenez@clinicamail.com
661594509515,40,Ismael Wills,2,2,3152345608,ismael.wills@clinicamail.com
131177470207,40,Juliana Vélez,1,1,3203456709,juliana.velez@clinicamail.com
360581663803,40,Kike Uribe,4,2,3004567800,kike.uribe@clinicamail.com
798643151042,40,Luisa Tafur,1,1,3115678900,luisa.tafur@clinicamail.com
597397017330,40,Máximo Salazar,3,2,3166789002,maximo.salazar@clinicamail.com
377267524552,40,Natalia Rengifo,1,1,3217890103,natalia.rengifo@clinicamail.com
115061686086,41,Oswaldo Pineda,2,2,3018901204,oswaldo.pineda@clinicamail.com
178019634949,41,Petra Ochoa,1,1,3129012305,petra.ochoa@clinicamail.com
289178555324,41,Quintín Núñez,4,2,3170123406,quintin.nunez@clinicamail.com
554729930339,41,Rosario Mena,1,1,3221234507,rosario.mena@clinicamail.com
270420662279,41,Santiago Lozano,3,2,3002345608,santiago.lozano@clinicamail.com
322112358803,41,Teresa Kuri,1,1,3113456709,teresa.kuri@clinicamail.com
166631408806,41,Ulises Jaramillo,2,2,3164567800,ulises.jaramillo@clinicamail.com
705146590960,41,Vanesa Ibarra,1,1,3215678901,vanesa.ibarra@clinicamail.com
415677736480,41,Wilson Herrera,4,2,3016789002,wilson.herrera@clinicamail.com
526531033855,41,Yolanda Gómez,1,1,3127890103,yolanda.gomez@clinicamail.com
927993551029,42,Zacarías Fuentes,3,2,3178901204,zacarias.fuentes@clinicamail.com
90231954664,42,Adelaida Espinoza,1,1,3229012305,adelaida.espinoza@clinicamail.com
8343793269,42,Bernardo Duarte,2,2,3000123406,bernardo.duarte@clinicamail.com
322348131703,42,Camila Córdova,1,1,3111234507,camila.cordova@clinicamail.com
36485525364,42,Damián Bravo,4,2,3162345608,damian.bravo@clinicamail.com
445024416122,42,Esperanza Arce,1,1,3213456709,esperanza.arce@clinicamail.com
540232250139,42,Fabián Zambrano,3,2,3014567800,fabian.zambrano@clinicamail.com
260157963882,42,Gabriela Yépez,1,1,3125678901,gabriela.yepez@clinicamail.com
258683740067,42,Héctor Xicoténcatl,2,2,3176789002,hector.xicotencatl@clinicamail.com
670204717354,42,Iris Wong,1,1,3227890103,iris.wong@clinicamail.com
524264876791,43,Javier Vásquez,4,2,3008901204,javier.vasquez@clinicamail.com
494179375712,43,Karina Urrutia,1,1,3119012305,karina.urrutia@clinicamail.com
52434583088,43,Lorenzo Téllez,3,2,3160123406,lorenzo.tellez@clinicamail.com
489550894644,43,Mariana Sosa,1,1,3211234507,mariana.sosa@clinicamail.com
251929751931,43,Néstor Ríos,2,2,3012345608,nestor.rios@clinicamail.com
562571108461,43,Olga Quintana,1,1,3123456709,olga.quintana@clinicamail.com
78864330437,43,Pablo Pineda,4,2,3174567800,pablo.pineda@clinicamail.com
474368673847,43,Queila Orozco,1,1,3225678901,queila.orozco@clinicamail.com
499000018546,43,Raúl Núñez,3,2,3006789002,raul.nunez@clinicamail.com
29197000758,44,Sara Méndez,1,1,3117890103,sara.mendez@clinicamail.com
919727398985,44,Tomás López,2,2,3168901204,tomas.lopez@clinicamail.com
317979490239,44,Úrsula Kuri,1,1,3219012305,ursula.kuri@clinicamail.com
739567258705,44,Víctor Jiménez,4,2,3010123406,victor.jimenez@clinicamail.com
61063629812,44,Wendy Herrera,1,1,3121234507,wendy.herrera2@clinicamail.com
283208079501,44,Xavier Gómez,3,2,3172345608,xavier.gomez2@clinicamail.com
246713190425,44,Yolanda Fuentes,1,1,3223456709,yolanda.fuentes2@clinicamail.com
561943738740,44,Zacarías Espinoza,2,2,3004567800,zacarias.espinoza2@clinicamail.com
407589764814,45,Adelaida Duarte,1,1,3115678901,adelaida.duarte2@clinicamail.com
88597701755,45,Baltazar Córdova,4,2,3166789002,baltazar.cordova@clinicamail.com
982724560846,45,Celeste Bravo,1,1,3217890103,celeste.bravo@clinicamail.com
393956249111,45,Dante Arce,3,2,3018901204,dante.arce@clinicamail.com
562123525468,45,Estela Zambrano,1,1,3129012305,estela.zambrano@clinicamail.com
625536504735,45,Fermín Yépez,2,2,3170123406,fermin.yepez@clinicamail.com
570772785476,45,Guadalupe Xicoténcatl,1,1,3221234507,guadalupe.xicotencatl@clinicamail.com
939466258675,45,Hilario Wong,4,2,3002345608,hilario.wong@clinicamail.com
394327739697,45,Iris Vásquez,1,1,3113456709,iris.vasquez@clinicamail.com
913874503429,45,Javier Urrutia,3,2,3164567800,javier.urrutia@clinicamail.com
167827631399,46,Karina Téllez,1,1,3215678901,karina.tellez@clinicamail.com
141963473213,46,Lorenzo Sosa,2,2,3016789002,lorenzo.sosa2@clinicamail.com
427740596796,46,Mariana Ríos,1,1,3127890103,mariana.rios@clinicamail.com
158618779839,46,Néstor Quintana,4,2,3178901204,nestor.quintana2@clinicamail.com
823987618831,46,Olga Pineda,1,1,3229012305,olga.pineda@clinicamail.com
781621825175,46,Pablo Orozco,3,2,3000123406,pablo.orozco@clinicamail.com
650442856899,46,Queila Núñez,1,1,3111234507,queila.nunez@clinicamail.com
8267770991,46,Raúl Méndez,2,2,3162345608,raul.mendez@clinicamail.com
228210121856,46,Sara López,1,1,3213456709,sara.lopez2@clinicamail.com
22831121100,46,Tomás Kuri,4,2,3014567800,tomas.kuri2@clinicamail.com
